,北海道,青森県,岩手県,宮城県,秋田県,山形県,福島県,茨城県,栃木県,群馬県,埼玉県,千葉県,東京都,神奈川県,新潟県,富山県,石川県,福井県,山梨県,長野県,岐阜県,静岡県,愛知県,三重県,滋賀県,京都府,大阪府,兵庫県,奈良県,和歌山県,鳥取県,島根県,岡山県,広島県,山口県,徳島県,香川県,愛媛県,高知県,福岡県,佐賀県,長崎県,熊本県,大分県,宮崎県,鹿児島県,沖縄県
2007年1月,1819820,188050,325220,475790,184320,280110,563800,210730,478420,479810,235330,1077960,2693010,767250,532410,168840,366160,152280,241490,863990,229580,1022150,734060,421110,173490,568880,1097570,648060,54420,222950,147360,115650,277100,345820,210490,72620,142440,173870,121230,652550,172300,292060,369910,346360,194790,355790,868840
2007年2月,2034500,197950,321100,504380,196250,299000,571330,216860,468000,467590,246900,1127670,2909700,778560,560700,195060,412520,168740,263030,824280,274330,1075900,779280,385840,173880,579310,1187920,656230,57580,226190,161540,115770,273920,355580,220770,79770,156200,182220,136220,693430,166180,335280,391930,351140,235020,387330,943970
2007年3月,1940730,202430,335100,558360,208370,295580,602850,298980,563500,529300,294690,1435120,3305360,973980,534630,197480,431540,176590,345140,774580,288640,1270270,914040,513810,240590,795990,1472510,801490,105470,303410,168330,146770,353570,442040,282080,112250,205980,237350,185630,790080,189340,434920,462280,433670,243260,461550,1137540
2007年4月,1324360,213150,309540,530340,228800,238710,536320,237170,502430,451200,267110,1201030,3212150,851120,406350,186730,285050,131470,337970,676920,276780,1031780,884640,452840,280160,861740,1374360,695490,115700,241680,143010,135210,300550,444260,238140,107500,176100,211850,145030,662430,165780,341690,425810,385440,199710,380410,923820
2007年5月,1969930,274070,346490,585020,296650,278690,562860,239640,582640,488650,266860,1202800,3140590,884410,488920,224830,347820,140920,343980,803720,301040,1060990,890730,509400,271070,969290,1298370,714930,138730,260740,152600,155690,316790,475810,274150,108380,172480,217030,173920,720730,182660,410030,474640,404190,220680,432440,859740
2007年6月,2257090,267970,334230,601360,300400,309880,596060,226280,556330,458580,241560,1077270,2962650,816140,477450,201410,337280,134090,315250,719120,265830,937230,817140,428380,223130,767970,1181140,631640,87470,218810,131940,137760,266090,411790,227460,94410,146920,190830,132670,645630,152180,286410,385200,331080,191820,354250,829210
2007年7月,2540410,293020,341190,624890,272830,302670,625340,260810,576250,529990,257230,1206010,3026850,837220,520800,202320,318060,163880,354720,908830,281500,1078640,868080,427550,216110,655900,1289730,691690,68320,291010,145900,143270,290500,412470,237150,104130,156380,184320,134850,705840,192430,332180,394020,348350,185890,355390,1007420
2007年8月,2949830,389110,501300,825880,372480,412740,882080,383550,797170,801960,308090,1656040,3235040,1102450,747990,277660,461780,245820,506800,1569820,386830,1692130,1018330,605450,329440,883970,1637630,986770,112940,490860,227450,195520,406790,571640,330290,145930,252510,249350,222080,816250,259130,492530,574710,516990,280380,486590,1335710
2007年9月,2503190,331740,354360,645490,317930,302130,594420,240420,580810,561770,256430,1172240,2958360,876490,465690,232990,364890,140090,362710,890330,310130,1005860,856010,408950,227640,740380,1317860,703930,75490,270180,158730,143410,317980,456470,250160,104420,168360,198830,153530,653020,164200,336340,427460,357780,195880,392810,1102380
2007年10月,2234690,351270,427120,696180,389340,355570,717480,257060,677540,564830,268750,1212800,3283250,880340,547480,271230,433670,154140,372720,968110,359020,1018800,908640,453140,240060,926630,1355010,721860,120460,248260,169460,173210,318000,509380,287860,113880,188460,204310,152650,702050,190860,425550,496510,416490,228050,398100,1040130
2007年11月,1629950,244670,360770,671850,247290,314030,691540,287960,671530,558790,269770,1185580,3268480,915360,525970,228570,471820,182430,380030,817420,348600,1163420,945250,477870,290130,1028410,1419750,777110,132650,283280,191710,191740,330550,519120,313450,110210,209510,222490,164780,740500,217380,436120,527960,480120,249330,440780,951690
2007年12月,1718150,199140,319240,604750,172690,280760,572160,290670,511910,471900,254210,1241090,3187790,899690,493840,183260,395010,167710,304850,752830,252490,1067250,878250,418920,207470,836260,1371040,763280,83180,235020,154310,135950,270330,395340,252310,87980,160650,167880,114700,699320,183380,363450,417370,377860,200540,353890,933200
2008年1月,1883040,178220,297900,465050,176850,263930,582960,224150,424240,458010,221730,1050510,2646790,757820,560350,155550,391060,167330,273700,881610,228630,985320,762060,490320,173520,560140,1177570,631050,61880,238910,141630,138720,271430,350040,213660,82550,155130,170840,123170,624880,164100,299930,382270,374550,190950,368490,884440
2008年2月,2051020,188730,308040,494960,184940,292710,591610,231540,430170,452700,239870,1115380,2927320,795890,595480,182850,419630,182090,261430,847300,254150,1075110,831830,469350,177170,591210,1265930,634340,59470,238000,142130,146150,271680,369330,224700,84360,158870,179030,141930,698880,169020,361950,385750,371290,261460,399250,978580
2008年3月,1942090,207920,322430,571220,205830,301550,629180,304350,512540,508000,272210,1389400,3192700,968770,604390,194010,467340,199070,344160,866590,283020,1300030,928410,639120,245840,816430,1498850,778640,110850,324810,157910,183620,351740,452040,272290,119440,201270,223710,179530,766850,183350,427070,458910,447320,264560,455720,1154790
2008年4月,1394180,228430,267510,495760,215310,245810,556890,230660,451150,449330,261450,1197150,3061720,860010,431300,191630,363330,147420,355640,666050,266330,1004140,875940,484520,269150,825570,1383870,687430,115960,267410,137520,169160,312040,436420,240700,108990,193020,202960,148950,633410,154360,348160,431680,369160,187280,381690,936130
2008年5月,2082320,303620,319100,571400,289470,292500,595290,246040,549730,527370,255540,1254250,3072480,911570,521870,247310,439780,160200,354810,799860,289060,1040940,896000,518070,258520,909720,1343170,737700,127900,280840,153000,198110,342120,485990,265620,112910,194970,228060,181540,740180,181140,432110,492750,391680,217280,441050,874010
2008年6月,2432480,295720,290170,551640,285580,335520,603940,223840,512770,471250,220520,1117680,2765200,811920,491490,200160,396110,155660,303380,663530,255160,899330,805180,423790,205910,730960,1184150,632010,84500,232920,128570,168370,284740,392660,214810,90190,154250,181210,133570,624430,137330,295950,361900,306620,180670,346970,817420
2008年7月,2595630,275310,306150,551400,274720,323600,667720,274960,562100,549190,278210,1304400,3057210,911600,557240,232830,429760,181510,396240,920670,305220,1129640,912810,529500,228580,650300,1367720,718450,79640,319090,137230,188480,285240,431050,239360,112370,194040,196490,151250,739940,157720,333640,413840,346110,219950,401630,1126140
2008年8月,2872780,341100,397510,693690,342550,411180,869450,358020,748890,768570,303020,1614280,3222400,1171280,843320,337600,641130,287080,555280,1467700,400500,1659490,1012550,757550,330390,809910,1569100,1001740,117350,481930,204210,256780,393660,575360,330100,141830,266340,237960,221840,817170,187920,447520,562050,468760,287020,504070,1362810
2008年9月,2426240,277010,323460,546620,281270,297320,582110,234840,531950,501420,235650,1163940,2841760,893630,495480,254720,459760,158080,351940,808830,301700,963430,830690,452410,216100,683320,1269560,678840,80730,253640,137370,183670,289030,451960,240790,97500,174710,189480,161870,662230,146370,315750,418630,360930,190660,387100,1137280
2008年10月,2344310,329380,359400,603130,324390,372160,724760,237280,699360,590960,264180,1208350,3191560,907920,600280,310500,535900,181010,359150,955080,353840,1087760,888680,480280,243890,842540,1372920,706960,117600,265810,157180,206240,332870,500080,283000,102410,200840,210860,168690,745260,180370,401720,470830,415670,239430,443250,1087920
2008年11月,1660390,227000,310610,608820,235740,336060,703060,251360,670330,577610,264100,1200780,3045840,930880,553030,258690,568600,216180,383600,765730,342960,1225790,914530,525010,291090,949380,1434390,781860,133740,307600,179760,209180,345960,507340,295170,101730,217580,221920,184420,795620,208760,407440,490650,418500,236790,474370,914960
2008年12月,1725580,183360,285910,548800,180780,313060,578280,251400,491500,486220,238510,1239520,2933020,877320,487440,192230,438160,185180,291520,729740,247770,1106930,817110,452670,201420,740490,1328090,730740,79480,246670,146720,148050,286310,380270,225560,78170,157410,167000,123550,677200,161010,309110,350730,328020,192030,377420,884790
2009年1月,1897040,196470,303070,465720,171850,301810,555200,203620,422370,438100,210210,1203400,2640750,826270,592490,162660,397670,172160,263250,802950,242340,1041230,726410,413620,159910,542200,1167780,631930,54730,246840,174000,141830,262920,310810,200830,78630,146320,164820,120990,676840,150690,269610,345920,287180,187730,358690,831620
2009年2月,1871680,192340,303900,472350,179160,311660,524820,199450,383340,412320,206040,1139020,2670580,821300,588330,176810,430470,181580,230630,755980,260460,1043150,694840,362370,149330,534630,1118470,610040,49690,241060,180910,131630,242100,317930,197750,73120,148690,155920,126880,684170,153030,281490,339170,285810,229050,347220,865980
2009年3月,1874730,195200,323060,534120,209330,327550,578800,283380,516770,497450,256180,1531790,3195780,1045910,593500,183400,482670,202620,335680,772000,291760,1316050,852300,517880,225200,782350,1475260,791890,99920,363030,213260,182750,339880,418840,266020,113610,205900,220250,177200,787520,183940,384410,426680,375800,235040,429580,1080670
2009年4月,1272220,248700,278380,466540,204270,254810,516530,212230,439430,394260,238290,1205640,2891170,883930,442840,182710,370820,138920,344410,665940,265250,1007220,751180,378850,228330,772920,1325790,638780,109300,251760,163360,168570,300330,408560,226330,98160,162780,190060,139340,622870,145470,295430,356090,305230,169310,338960,939170
2009年5月,1978280,324300,349480,572670,261950,318380,581750,220600,548550,479320,237140,1216610,2875220,927750,592710,240900,462620,160710,348860,860270,304210,1085560,773320,426920,205100,701810,1139300,613140,98240,277470,211720,204820,317060,441030,266810,106070,175850,208730,174060,756100,181100,413210,445860,360130,211020,418830,911150
2009年6月,2151730,310460,327930,531930,270010,351280,572470,197970,501910,416800,201900,1042470,2566040,834150,519440,193860,395720,142450,277940,637370,254120,903860,708080,353910,149110,516700,989430,542230,60860,202840,156850,173720,262930,375080,208490,82310,142090,159820,137180,602130,136180,295340,325100,277300,161250,313530,862170
2009年7月,2481220,335130,349270,542530,262900,337270,595360,255290,593900,512590,248010,1331350,2929740,937840,635090,218910,442300,177940,360420,891540,304710,1110420,782420,475900,197300,647490,1331620,679040,87360,310860,186570,183060,291750,391380,215870,103870,181140,191130,148650,767060,146020,327270,404280,317400,192570,392490,1075080
2009年8月,2853830,431460,499120,723620,336090,435910,781180,343850,774570,714010,285730,1751150,3227990,1208270,908480,298660,625710,278640,521090,1407350,419060,1630560,897500,659610,299400,822730,1613950,956730,128000,487000,273980,230200,377300,538700,288000,138970,252170,249100,216330,898820,180180,483740,583510,452940,257060,485310,1291230
2009年9月,2559420,379980,389580,578570,294940,358520,596090,222650,600470,529040,241640,1279780,2863460,958350,671540,258050,494920,174660,366550,874370,325970,1028620,787570,451700,211110,799550,1327470,685640,95620,284200,204770,191700,315920,445680,223260,104480,187980,222720,169950,794140,158260,350710,469320,351310,191170,382590,1040950
2009年10月,2220130,398490,394680,634840,313140,390700,677070,230480,669560,547570,251490,1298940,2949730,988540,699800,269210,523500,181480,349770,867180,347320,1035680,829490,423370,231110,843150,1378060,702440,118540,237620,207550,209480,328760,456650,246750,105820,196550,224870,146640,754980,168600,395980,451850,352870,214730,387450,949820
2009年11月,1630130,256460,344820,566810,223370,324620,616500,234370,618660,502500,242380,1210270,2809670,990910,567800,224830,534030,208520,340440,678840,332390,1134090,812600,446390,257830,886850,1413040,717860,130190,257980,224920,218900,324390,458460,258940,103480,208930,229460,157500,785200,183040,372300,460220,407310,207530,412210,830740
2009年12月,1774230,201350,294800,515810,169480,285070,527950,243890,492460,448200,233870,1311590,2907060,957660,464950,173640,422390,187350,276430,644260,252700,1057300,780910,387120,187350,686470,1426860,713730,76980,223310,188610,165540,272630,355860,215310,86750,159130,175050,122050,729690,151570,312080,368010,342380,174820,344250,827320
2010年1月,1836130,212550,314040,478530,226170,321650,619550,264970,585680,497160,235240,1348320,3144700,1062670,606910,170040,434570,176630,327110,1061650,306170,1169410,843650,419510,196380,698330,1434480,763920,70290,266470,169740,140650,266690,460300,228330,95100,172940,205860,158030,885980,152850,307940,361700,399660,206000,402050,909430
2010年2月,2036960,225260,316940,495840,224470,340240,608430,262550,546850,526070,240790,1434400,3379660,1122020,636200,182490,473850,187640,337370,994940,338160,1258020,869310,385270,194460,735590,1481270,764130,77030,266150,184440,138990,256010,495890,226430,94480,184770,208870,183650,969690,155420,389960,374660,403260,265750,425620,1041880
2010年3月,1842270,235200,337310,580030,259950,350200,673340,372950,731490,603300,300700,1864010,3894840,1380730,646510,202920,527030,208680,457630,1001020,376370,1531170,1036830,520830,296620,1056390,1880690,955670,152120,378520,199310,183350,369010,659150,307550,144570,249640,280740,247640,1108230,167650,468190,488040,492750,268660,498400,1223350
2010年4月,1178160,237960,314860,503850,207000,269320,564800,271970,573340,453260,264340,1426460,3533450,1064300,477820,199290,419910,140090,410440,734990,352060,1137840,956020,378290,278130,1087950,1621540,759870,167550,241750,152620,174940,294750,574070,241750,116810,195230,229900,187370,841880,162970,390090,390140,384700,173750,379190,986470
2010年5月,1815710,324120,370490,601370,279150,328020,621780,301370,741570,551490,272760,1493320,3471650,1149880,604110,255970,516070,161400,415640,931070,384380,1246380,1007690,436220,301020,1185590,1598490,841850,205080,273140,180450,204910,325850,648900,287010,122650,214300,256550,219170,998170,180740,488700,486560,428100,202370,466320,995530
2010年6月,1988870,318910,334040,583310,272920,371230,604980,279900,686610,478130,242840,1338870,3204090,1000010,541690,190750,446000,144530,349650,741450,322230,1046660,903650,347050,236180,993850,1420760,713100,162120,210200,151770,175220,256960,540030,227840,95500,166250,210940,173890,840900,137950,352930,349880,327490,143440,341820,908360
2010年7月,2400790,341120,358130,629160,295190,382480,649380,314350,717980,534230,288010,1539800,3473040,1102660,610770,227090,467930,191210,490210,1056230,358790,1355560,956940,495010,262710,899270,1658070,787340,162300,323540,181670,179960,292930,590640,263630,126220,209850,225010,196730,1026380,160060,386020,387970,382450,157020,386350,1175650
2010年8月,2678190,418490,496320,801700,360470,472100,877710,424810,969120,762650,328070,1986770,3629830,1362010,881400,323760,655640,305100,716060,1762160,509660,2011090,1139870,735730,371260,1094660,1893330,1076800,224260,529600,270180,243830,410990,740050,358530,174400,295640,275440,264270,1138480,197390,534850,547600,537990,233940,515630,1497870
2010年9月,2321500,337920,350320,638950,275240,356660,591670,263380,696010,535320,267940,1455160,3267310,1105050,549790,264330,477920,168040,438300,990930,366410,1200900,903310,440400,253110,976330,1577080,719750,171880,271230,176580,185720,284060,558660,251960,117540,210300,223730,193850,948720,157030,383670,400100,382000,174670,396790,1151040
2010年10月,2107510,377970,421100,689760,327940,403880,738800,272650,774030,618640,285190,1565510,3719450,1246480,676360,299540,557390,186900,401650,1070770,399870,1181070,982450,507420,274950,1103370,1702670,808700,226570,290120,192410,211870,341190,605490,291670,121820,225400,247760,203890,1024460,174830,493450,502400,422530,220310,412950,1058250
2010年11月,1470000,270190,337800,636860,226020,333550,680550,272520,687360,579270,282760,1419690,3562190,1223870,590040,234900,528370,200610,393720,794830,373360,1264460,927660,505870,290580,1187180,1686920,818110,209250,319690,207450,220810,328540,581060,298870,112730,224230,248120,208830,986390,180760,459050,510310,474410,227540,437930,904400
2010年12月,1607620,240740,310890,600090,177530,328260,590060,280500,544390,516520,273090,1486150,3631420,1158970,520870,186730,440110,185770,322890,784840,279520,1228110,916140,465930,223930,967690,1664450,819440,125200,259560,168380,163360,271380,459060,265630,87240,173170,197100,156680,957960,145580,385630,425790,408410,207870,373040,886610
2011年1月,2148210,326290,426960,614400,209490,382080,771950,336940,625310,725740,279740,1395520,3455180,1277590,911670,197190,490250,267490,399950,1789230,402710,1577300,867970,575400,245570,864080,1590490,878690,76990,287340,207450,167570,300290,516150,265110,130050,220060,262160,186970,962150,197750,423690,525240,489630,214050,472080,970770
2011年2月,2320620,337730,434670,652860,237660,438820,777150,343960,596190,730930,290130,1433540,3688600,1312660,958410,220320,519640,277040,417240,1742940,412520,1610410,912910,521530,242150,896240,1599020,886290,82280,294620,226700,175610,302050,525570,286000,132290,237950,280450,205150,1016590,202000,525950,532310,503930,261890,440690,1109440
2011年3月,1832380,235520,293280,468240,147890,342970,530940,247290,447830,474500,285970,959120,2888450,1028060,687520,208890,513820,276490,329220,997130,392790,1224210,1045270,606100,340080,1154050,1976230,991140,140400,352350,233670,215350,409110,644490,339470,160680,294820,337100,257780,1135460,217410,534240,615830,557590,248060,526730,1161280
2011年4月,1270010,267160,501200,761120,169060,322770,809510,351290,422420,439560,250950,619100,2534050,1000970,569480,214470,442740,214730,336220,889500,351480,1126690,944130,495960,372620,1060590,1567130,856680,169790,274120,237430,197810,365480,592200,285630,159880,272600,299690,215190,964930,226050,499310,536840,465960,210840,476400,883510
2011年5月,1961190,371940,614800,956020,287090,414170,1144790,375260,696270,667920,279090,1004120,2980220,1295160,778020,277290,579890,276720,523870,1354940,448900,1477960,1007480,634430,414320,1297090,1643000,988030,233220,343200,272520,265610,412050,684800,331560,173340,313540,393290,260270,1107140,247790,650070,651910,545510,253220,634730,970800
2011年6月,2249470,388250,556770,886690,299560,444430,1097760,360790,635090,629940,266170,1038870,3162650,1240050,732890,237960,513780,252950,429840,1101500,384630,1275700,949950,481170,316330,1127730,1572020,860190,188860,259990,231160,225660,348490,607250,290010,136990,231940,396910,199590,967550,195650,533300,492970,420250,216250,506500,979090
2011年7月,2870520,478570,637340,913210,413950,531260,1149980,370510,821560,832610,287870,1449740,3493340,1432920,981790,314080,533470,326160,861190,1991650,504920,1758830,1053790,651200,366910,1109050,1949110,1070040,185040,424640,292040,254020,387920,691150,324750,154880,267150,392740,246300,1186160,228520,614860,580810,462400,264890,586180,1340030
2011年8月,3401610,591000,793580,986480,572630,676690,1119190,499430,1219890,1244630,366990,2019030,3926290,1875720,1471440,464950,794240,516890,1553230,3529670,717570,2898470,1316140,1063320,573300,1427960,2402970,1472610,277020,761120,425960,339480,558270,879950,431050,214100,420130,464500,404960,1365810,296420,866170,845400,683130,327580,732070,1674690
2011年9月,2888690,449670,563920,863460,392780,479810,859080,350820,792040,813610,295760,1459760,3708500,1438970,821700,354070,607210,288640,687580,1724990,482880,1593860,1043560,583830,349050,1166270,1917850,936720,148050,310120,282520,240580,420060,687590,361470,156040,255070,367820,241330,1151680,213640,581310,659130,493190,255170,613000,1393270
2011年10月,2558220,430160,547400,921640,463660,531040,869660,390220,937650,830420,322540,1535680,3906770,1471510,921940,386580,702180,302460,563470,1707310,560860,1563220,1112720,663150,379550,1379190,1820100,957440,195690,258380,306770,273080,454110,749710,487840,203880,262310,375950,252710,1160100,222620,643410,663640,555570,293240,646940,1353960
2011年11月,1805360,318600,485150,889680,293900,445360,828960,394280,829340,715240,319110,1478360,3731560,1466880,772340,313660,700960,344350,528760,1234950,507060,1646010,1074840,648550,402450,1618270,1821050,990240,200260,264020,315460,257810,407860,717810,422530,198820,277290,328790,247630,1126540,239180,608070,628780,599710,292080,641770,1156440
2011年12月,1987490,287050,451030,874790,233460,420980,839690,430160,672320,643580,321790,1566830,4052720,1490940,757910,265570,578500,309910,438550,1311520,409310,1660220,1078190,644040,308130,1304590,1905670,1004490,130300,265900,272010,199640,382890,589240,349580,142510,212150,272950,213520,1096140,209590,513000,498950,542730,259860,518720,1151810
2012年1月,2109240,250120,489940,730140,199630,380880,787130,332950,565160,614990,252390,1429240,3603450,1252190,802610,211780,513610,260540,381900,1682880,403060,1472990,959380,560520,249850,931380,1635130,925410,86970,266000,208060,154650,301990,516960,265150,108580,218600,280890,179310,976700,184240,407120,465460,434040,270290,464670,906820
2012年2月,2106690,266950,491170,758250,196370,410040,794250,362250,506740,548920,267330,1388950,3744270,1233040,830390,216940,528400,273490,369430,1495950,422220,1441580,954960,508450,245620,899000,1589570,925230,94550,255990,201940,166370,303780,558430,278480,120170,234970,300820,199920,998760,187370,430100,481230,441890,341070,507790,1162780
2012年3月,2014580,276430,546390,882880,237400,440490,860660,470170,681040,659060,319770,1869970,4333750,1543440,807660,230170,604480,312180,541760,1361410,479320,1888680,1174070,714190,344880,1293200,2047080,1092910,182090,373410,240840,204150,432950,746630,357240,162210,368310,361400,289100,1181560,204020,558870,614120,560310,316390,631220,1232560
2012年4月,1511590,274140,441170,753630,238990,353320,807190,408630,650560,571490,302800,1619290,4197890,1414960,611150,242760,536320,257790,538990,972450,440300,1542900,1117020,617960,358880,1497830,2132910,1000260,214760,327430,200230,206450,382270,674320,348050,171930,294510,318770,251140,1067130,206890,538460,565450,482610,267040,542290,1159540
2012年5月,2158760,408730,582630,792770,345700,425410,896770,439770,849750,645560,310880,1668410,4111450,1476660,743910,294690,614160,285190,569130,1247690,477450,1625600,1123110,695920,358160,1523100,1964250,1010120,237470,356090,225170,252830,392260,720740,383880,166480,304070,332680,288190,1143660,218810,644910,676730,513690,310710,638690,1094750
2012年6月,2523240,403040,560090,795690,334240,486200,948580,403740,754550,586450,277740,1546800,3916530,1331850,678950,239550,539510,232410,462560,996990,403990,1367130,1058120,547760,290770,1293550,1768120,896500,162980,269290,186880,213990,325190,621030,326010,130640,244910,280400,208500,1023040,168620,476080,487660,405610,240330,445980,1130170
2012年7月,3019180,428330,560440,843200,296270,538430,882420,422910,877480,739560,314340,1637720,4089570,1349640,969320,350040,617220,309740,751080,1758610,475490,1737980,1112410,698600,407670,1262910,1958670,977000,198270,423320,250560,209400,406020,690360,349720,140560,306130,298080,252410,1157390,203850,528620,522820,471200,296280,553880,1550600
2012年8月,3548000,567640,729380,1014870,423490,653200,1097980,589290,1319680,1148380,406080,2197710,4553530,1788430,1485160,545190,861260,532170,1291900,3335120,724800,2826050,1414720,1104060,608050,1626430,2339780,1398890,299250,711500,392980,297030,593610,947320,490810,210230,447980,385370,420280,1517610,274440,736340,795110,679270,412410,745110,1827290
2012年9月,2836290,444900,531010,860690,302810,469180,873670,374660,871560,700560,285650,1509360,4071560,1382280,832640,354430,624430,262410,645830,1554500,503560,1493720,1116500,618120,341320,1309930,1790280,897340,186730,347140,242710,219200,397800,689560,378560,140170,291630,299650,231690,1120060,195940,517090,581220,494490,261520,549390,1465970
2012年10月,2731560,496330,605110,895860,386380,537220,971690,407820,1006060,760460,332980,1460620,4138500,1454250,875380,384310,631130,256760,526040,1504160,606610,1539400,1138680,768620,334580,1490890,1967140,1010450,215580,314240,233330,257780,391720,718560,402510,167210,277550,325140,284820,1148940,212530,644880,654630,523090,297130,612600,1472340
2012年11月,1921630,392280,520400,894470,293530,454260,890830,448510,937540,737860,341590,1453630,4159970,1516620,781170,309750,648000,295310,534070,1111390,499300,1688920,1127780,769160,383230,1702760,2084680,1107650,210620,337920,261690,264560,405700,732060,385680,175780,317060,336090,266590,1200370,230850,612590,683020,600590,335170,653140,1329200
2012年12月,2111120,337570,459530,820110,205710,410940,774750,436380,742090,672080,325320,1540250,4269410,1491740,784180,239350,525260,258230,407820,1270130,394240,1661560,1129490,731340,294270,1409770,2066010,1111370,141310,300980,219930,180440,333940,604250,325940,126060,244370,278590,216410,1138900,196080,533420,561750,515840,279320,526160,1247340
2013年1月,2098160,278770,408360,865260,205680,348760,733970,339040,623610,666770,284660,1412800,3699160,1215180,784360,212290,510540,196020,335390,1561590,398940,1544080,975400,672430,218820,1111080,1622540,967430,114830,286440,209180,165590,314940,491620,310070,135520,227200,240500,175830,980060,204110,418830,420800,489100,272810,496210,1520700
2013年2月,2278420,274550,412720,920090,209100,390410,712390,357240,581040,655420,282660,1438410,3872930,1221490,823750,237470,568330,216760,339790,1480890,422690,1501310,966930,645000,219330,1180800,1747930,986390,118780,287530,223630,168340,320910,503490,321490,139280,248290,258580,199810,1008650,193050,515940,433160,500900,371690,532520,1768400
2013年3月,2146550,288890,442020,1115510,229200,400500,796780,471180,777110,759240,339280,1844150,4500260,1544140,820710,250680,666630,253670,470480,1360590,477890,2041850,1199250,894360,316420,1655560,2106100,1172890,197250,417680,250530,218270,408550,654150,399330,190950,341320,321260,278420,1193770,231650,606580,553300,616680,353490,673170,2021690
2013年4月,1609610,321820,387850,861520,236530,351570,764620,397370,708870,653680,328200,1595090,4474220,1312060,621800,267030,547070,225060,531290,1179850,460850,1586810,1137110,625270,375790,1838750,2015750,1013480,245250,329410,246910,231920,467500,663270,326670,212510,295240,274440,219620,1065460,213090,550120,634330,509550,260500,564560,1534660
2013年5月,2296480,452380,461870,907970,324050,448020,820800,427890,861330,742980,319840,1675890,4363570,1346650,728540,321430,617360,277260,597490,1494500,507980,1628290,1190220,714030,369440,1976900,1879930,1052270,267460,341320,303610,294530,488680,717040,369880,209510,298100,305040,247510,1190240,225360,671550,724820,561450,292510,667600,1422690
2013年6月,2687180,409840,434590,879690,315640,471320,834060,362640,788190,661170,296400,1546970,4185930,1213070,663910,275490,526380,244020,484440,1262020,441030,1379480,1099310,591050,294820,1742890,1776460,941230,196890,275790,254000,271360,415620,597000,322620,163840,233820,234090,178470,1014210,173590,476500,472580,438740,242410,510590,1464420
2013年7月,3479390,456390,489950,879300,330880,511530,1040910,426530,824590,787120,372130,1871690,4507610,1404260,888090,352580,614480,300100,740840,1759420,513640,1696570,1254770,872510,367210,1639300,2009390,1137080,191230,426230,307280,312820,440010,662850,364940,188780,289510,314740,242000,1214780,225410,635580,560000,559060,310150,603490,1968780
2013年8月,4001680,577860,666250,1116480,444530,690240,1348460,610870,1195820,1162180,445240,2384130,4987750,1870730,1276440,496510,878700,491100,1235110,2994440,740760,2823670,1591620,1278830,561260,2000750,2381500,1588830,283010,677400,435550,384280,611680,887560,489500,272820,461990,414940,396820,1551880,287680,939500,862980,740340,428350,795400,2366790
2013年9月,3199070,453150,477540,934060,327940,455850,1044430,415490,800720,752280,326750,1699320,4381870,1411220,775330,382600,631630,257410,649050,1561160,510500,1555080,1216130,797020,345960,1651500,1930570,1022380,180660,347800,311380,310930,475470,698510,347230,191890,283040,297790,249810,1161780,220750,560050,601620,531060,270600,603020,1885840
2013年10月,2836240,502430,516350,975510,359370,505480,942330,428310,918920,788250,328930,1611350,4653190,1381800,836600,398250,653670,241360,542890,1546190,574480,1564560,1332780,849960,326270,1778310,2091680,1033200,248020,318140,343060,328130,451220,733110,382000,185640,319460,321490,259390,1168170,226580,635320,615100,575500,284890,620410,1713580
2013年11月,2100760,398860,469830,973510,284340,433990,903780,457290,914220,790670,332480,1635810,4592290,1483640,736450,348840,677980,283390,567300,1235000,553640,1822880,1376150,932560,381130,1982730,2147160,1148620,258210,391440,367900,331750,454130,742680,400720,201260,331050,346580,245410,1241740,236190,659710,644950,642590,344750,695010,1572720
2013年12月,2236940,344810,423390,906090,225840,423030,805800,460320,722720,718750,317690,1682980,4605270,1436590,721000,278200,557160,264790,434720,1314910,440090,1778760,1313560,813420,298160,1528940,2172420,1162290,178630,342440,287260,256190,367950,591020,344640,164720,256170,269570,180620,1195840,199730,585000,533970,546110,283900,560570,1549340
2014年1月,2341600,277230,451260,716050,226180,412490,762040,387250,627970,628040,288890,1539370,3900860,1359650,731010,207410,492930,245940,403750,1608390,427610,1502660,1128270,693590,276190,1082180,2051700,1037140,116460,295330,211090,211110,339240,573280,281640,156770,214860,241740,172900,1085460,207020,469980,493350,486440,250610,528660,1303530
2014年2月,2415450,262240,435350,697680,213990,453510,707310,390510,530510,533860,291390,1496360,3981980,1321470,681280,212540,495800,258970,310490,1368630,393940,1397810,1130110,620320,255340,1090930,1941200,974840,116510,268870,197810,198740,331010,571980,283290,165050,205300,245460,171690,1075190,207920,543750,484290,479990,322680,536650,1477100
2014年3月,2322660,284030,476230,869980,247170,468420,825130,557410,794790,733990,366730,1946020,4653050,1719840,787120,263360,617860,315030,564980,1484950,475330,2022530,1428270,895150,395390,1512400,2464230,1283930,207220,411580,246000,281950,467560,748320,370750,232970,306080,337170,268140,1293840,260150,658690,627710,621230,317400,685220,1779720
2014年4月,1645060,305570,392860,761330,252500,328380,770150,385300,612990,602970,345150,1731850,4695550,1545600,604210,252600,545870,258590,583930,1078180,512140,1574390,1222820,621830,413280,1525250,2389100,1008350,217210,336250,227950,237690,433850,703100,356870,228150,257600,278810,234230,1144310,217850,534410,539910,460930,251400,558070,1521190
2014年5月,2527300,419180,499610,833220,360310,437740,861950,481450,815560,734850,355680,1759160,4569980,1588350,774600,307450,655220,318460,650040,1436630,559460,1668760,1269710,730140,420290,1582230,2309080,1106450,246140,386520,277380,292270,474070,783930,411690,248150,286070,318170,282260,1347400,248870,681240,620770,514570,312040,688040,1449320
2014年6月,2606660,388040,434570,824600,353830,488480,873230,422770,729840,630950,308210,1589210,4216710,1419330,705570,248320,546310,266220,521080,1098700,439520,1339310,1162280,591770,330790,1295650,2126560,960920,174150,286160,226310,242090,399780,646040,339790,190060,231280,266700,202730,1109900,178950,490500,472250,416440,281320,538860,1530270
2014年7月,3308490,444250,506190,920450,347080,549460,1009930,485360,874700,696100,342380,1876830,4712490,1661590,890510,299020,591830,352750,802550,1669140,475450,1788230,1310030,727350,396750,1278090,2394920,1183700,179600,419860,242480,269260,458810,735710,372160,283580,311830,315120,263150,1302380,222120,567610,530670,454470,270960,621140,2056690
2014年8月,3633000,543790,678130,1118000,443450,744690,1325520,642500,1248110,1095090,421840,2341830,5080780,2076310,1334870,430680,940640,533980,1363330,2824260,736300,2812880,1537360,1051270,611650,1582500,2763960,1601560,270890,646900,360510,351890,586020,938560,477190,355540,448480,394350,379310,1492640,276510,786490,776880,627610,378100,806790,2356080
2014年9月,2993090,458170,524840,921950,350350,557370,975290,402830,846500,694520,329630,1630920,4373580,1591190,789850,334030,598990,302860,709880,1512680,505110,1626970,1242520,631520,365300,1336320,2329310,1106880,178910,340530,248280,284110,445130,733780,371570,269630,295630,299330,263570,1210080,213830,567200,566000,476130,260680,645370,1951070
2014年10月,2725630,490230,569540,894480,411490,580630,1076290,425090,922860,769840,356720,1757360,4775330,1621840,854730,355720,764130,293980,596370,1430490,556410,1652770,1293010,727470,382920,1549540,2504280,1098810,205110,320750,269200,293490,500890,739020,418500,251050,299010,313500,234810,1369800,278950,706270,597270,492980,272610,632900,1637500
2014年11月,2130200,348510,478330,891600,313160,459810,986100,446320,884030,781440,364030,1746780,4584190,1694590,741660,314320,708210,344140,601430,1149070,545820,1859390,1345090,798560,430450,1692940,2513680,1229120,212700,390470,296630,310420,525440,765460,431560,260460,343810,324860,247800,1418270,283390,706390,647080,583160,302960,711530,1532820
2014年12月,2329930,290020,442080,810440,241900,417550,887880,435990,694490,691720,339230,1785570,4714310,1601020,711930,263720,585370,299540,462560,1236070,471580,1776870,1325960,705400,350380,1458730,2581250,1167520,145270,353170,239360,246180,425860,632950,374320,227740,262770,257130,183780,1382890,242450,602480,512970,487240,261110,581270,1546770
2015年1月,2393470,287490,457600,733490,206700,429890,858360,383330,661230,673900,331180,1706760,4379130,1453010,850720,215440,515440,299140,473410,1626210,456700,1532110,1209360,661270,326490,1027010,2157410,999010,107510,311710,228530,204980,338860,613480,318190,140120,242150,261140,177460,1117240,214070,551460,475750,561650,263780,595650,1374370
2015年2月,2600850,295480,428220,727350,211420,453030,812110,391170,593150,634020,317690,1699420,4466480,1476500,849620,225240,560160,312550,481990,1527960,481260,1516610,1227640,605800,325890,1097800,2154350,995410,118040,314470,222030,206270,335120,630300,326130,142880,260010,272660,198070,1157760,225730,637780,470810,551000,339370,615800,1514520
2015年3月,2344590,314860,465380,886640,219750,484210,906350,518350,807720,725440,384190,2116330,5162770,1835530,856490,266800,712410,348520,688760,1477890,577930,2007850,1447790,827280,437620,1476230,2644100,1226200,195550,437430,271630,286490,478910,841670,414290,207280,366400,347580,260800,1331180,268270,821010,589900,672510,333270,742730,1746200
2015年4月,1765940,334630,432500,779300,227720,378220,832270,402060,724450,576060,345350,1802520,4966980,1616700,605720,307510,650770,272370,605690,1135240,526160,1671740,1373010,661030,460910,1526500,2496970,1091360,218980,347410,208340,259720,407140,751770,367580,193630,308170,298340,202210,1238170,247660,654910,540500,609530,257790,580490,1586950
2015年5月,2585220,452100,531290,899620,340860,490400,933630,466930,902070,730970,377550,1983470,5090680,1576420,789230,372010,741930,340680,724220,1592320,579040,1869660,1391230,766500,494550,1688100,2444000,1188760,273380,393090,254230,317070,442050,854620,440250,222600,358130,321440,262140,1415240,265110,793450,659700,656460,334400,717960,1618410
2015年6月,2755130,408530,471430,864950,287040,454400,890860,411090,745960,615930,316820,1732880,4655550,1393950,704810,290060,681790,287870,608430,1120710,439720,1548450,1297490,573550,412050,1450420,2301480,1018760,188760,298710,210960,265000,377520,729100,361260,165600,273440,245850,183870,1201690,204740,599290,474620,500790,262550,545090,1624940
2015年7月,3480910,487990,535560,973970,340790,544180,1009720,515050,964540,737320,378500,1961510,5149480,1493190,949520,361310,761520,372050,856090,1804120,567950,2052400,1469270,824040,485960,1571880,2664700,1260420,241230,431780,229570,282640,447650,796140,380480,204950,369250,327520,235310,1398980,250910,684210,579330,570630,307110,641190,1853990
2015年8月,3772580,599420,684030,1129900,424700,707640,1265760,715230,1349600,1078110,457310,2325440,5439970,1878940,1367910,536760,982910,578350,1288540,3040530,806940,2885520,1650110,1158950,661110,1817090,2979290,1618570,374710,622530,360000,387960,572340,1003580,500860,295600,516490,408460,381870,1648840,300520,911620,829250,749660,436890,828100,2096070
2015年9月,3161160,518900,556930,1003090,335680,550400,1035630,479050,935420,752320,356110,1821170,4855280,1526160,859860,405910,806250,340030,784050,1770760,598820,1867410,1408520,791500,447300,1590960,2592840,1160860,240030,399810,245630,304800,481960,832120,413610,200460,383470,334940,253010,1402140,266470,731890,666490,614650,322860,694870,1924060
2015年10月,2992960,548970,619590,998180,383290,577980,1071150,475370,1004090,852680,375310,1837950,5085520,1592000,906240,410160,833330,326460,711290,1599770,636820,1858060,1406090,871280,465560,1737770,2706990,1201980,223390,446630,272530,317010,475580,866420,497040,203070,348260,344680,249300,1435570,280840,796520,653470,632520,322520,688990,1757520
2015年11月,2183590,413870,518210,941420,269980,474040,988870,480220,860620,766980,350730,1764770,4790970,1589300,769240,342240,799340,366080,650930,1190290,576760,1879750,1377820,881200,474160,1728160,2533850,1217740,228690,393830,272290,327140,431660,811980,434920,186280,357370,340090,234690,1398610,278530,788490,627930,675260,314910,689060,1512250
2015年12月,2554670,344240,455530,882780,209310,428890,868700,503080,740000,684370,340000,1821300,5045110,1634270,750600,257480,683680,319830,552480,1327590,529920,1840560,1363870,836410,401640,1543110,2690100,1184840,142310,338990,218560,258380,375090,690200,392570,152440,293440,270860,181130,1397770,249360,701810,562810,593620,296560,632800,1454450
2016年1月,2724880,312390,492670,710840,201960,393130,784470,385570,627390,668650,335610,1587610,4358970,1359160,854860,207250,592260,265580,441310,1558710,456770,1550850,1255210,660660,285650,1127080,2307820,995440,118710,315620,203810,219120,353700,628340,317160,148310,230860,247320,166320,1269110,221660,536560,542270,524330,269820,532650,1472810
2016年2月,2850160,341410,483410,733430,203080,439170,781960,389810,571410,652820,324180,1615220,4412480,1399140,864960,229470,657190,285280,446610,1401580,475460,1616410,1239630,639130,307120,1195540,2319240,1075730,128230,306240,214810,221260,366330,657930,340670,150510,256830,281990,186340,1328390,225710,636440,546630,548560,336570,567620,1523340
2016年3月,2461730,346700,492520,860360,243210,433250,828640,528310,875250,738930,388500,1999970,5018600,1695310,826490,246870,745430,315130,652150,1327170,544590,1987280,1489520,814510,406050,1513880,2664410,1222490,204620,436530,264710,262820,467180,815590,404400,200040,353130,365110,273950,1486450,265160,724970,640500,666330,329590,665930,1683950
2016年4月,1967450,370910,452070,784160,249880,368260,786570,445830,737370,614190,355930,1781990,5018950,1531600,672560,280230,690100,252850,656950,1174860,542780,1691540,1405110,698650,430240,1560910,2559480,1115680,233840,356360,227260,276390,462000,812970,364710,191030,315600,340860,229510,1354060,244740,541480,508980,416900,242920,477740,1535750
2016年5月,2580950,443470,508680,794170,312380,434490,791350,461360,876400,695800,349820,1779760,4778220,1522880,745660,327570,755680,286150,692520,1358800,545370,1690420,1339860,824340,426310,1601280,2417270,1125970,252870,369070,247820,299470,470120,818260,404850,208970,313140,366840,261650,1391360,248500,549630,589750,397720,271590,571100,1556890
2016年6月,2848940,433360,494780,791380,309230,447440,808250,412670,769030,594110,332680,1629280,4584320,1374030,706490,236050,642090,246990,545040,1094370,444160,1447790,1322540,613620,346880,1473600,2378740,975810,196160,305720,209680,269010,404360,744410,322810,171770,247920,286310,184900,1295260,217860,452880,537080,394100,236670,486150,1628840
2016年7月,3479170,506760,520740,842020,319030,483640,864770,494200,945410,737250,382560,1985810,4994250,1608140,920180,299090,707510,329810,969900,1754870,565920,1938460,1478760,804910,434500,1443610,2808630,1211270,238970,420460,275400,314340,483460,875880,378070,222260,328220,366340,252720,1403640,234960,578930,601960,576380,304920,626750,2017390
2016年8月,3723560,617240,654070,992560,401510,606530,1121100,641590,1355600,1061120,466300,2387250,5029090,1896510,1319510,461200,971950,496660,1404180,2803120,744080,2775770,1638080,1125890,619580,1668050,3012820,1573830,310620,657380,392760,402190,619130,1074580,512500,292880,451890,448830,368930,1587480,305680,793530,785020,782710,397050,803290,2296080
2016年9月,3179770,454630,548480,805580,320070,478800,841390,433250,922750,706880,377210,1720410,4592190,1554130,838120,297640,724640,276410,748270,1497310,487790,1596350,1301560,720630,368320,1421680,2540750,1050010,201190,362170,258230,303470,440010,789870,419540,193540,322630,321270,237030,1310680,252940,615260,638650,618870,293050,610100,1897000
2016年10月,2918530,500610,676620,879330,361180,542310,926430,460680,995600,773720,398530,1815110,4934200,1609980,931640,344730,798320,313780,661390,1531190,574510,1639060,1351030,820130,422330,1578490,2724960,1100940,244360,389860,233960,334150,468860,884450,428090,214360,359240,365480,244070,1347180,267940,675740,624050,625640,323320,630750,1860560
2016年11月,2174530,368740,474270,800120,264630,423160,850090,475330,876610,687040,379560,1760380,4690490,1573990,751730,255660,774270,337420,601010,1093570,526280,1601630,1361080,787000,431180,1588740,2571260,1144110,221280,388470,244560,327670,433450,816350,396170,212130,331200,369880,240500,1353160,293840,666910,642020,664890,329270,632810,1603930
2016年12月,2644810,310210,443130,771140,213730,393610,813800,479870,764010,720660,381960,1818080,5103180,1621210,772460,222720,637050,303120,533590,1209100,476710,1702120,1376420,794990,353060,1476640,2705100,1167390,171170,357620,216450,236670,378660,674010,374930,177350,269250,281120,175700,1349150,261550,611450,618280,635120,308450,597280,1550150
2017年1月,2920690,273740,450780,711700,194190,372190,859830,388920,669910,646420,330480,1817210,4518080,1382880,869360,223760,598830,244390,427040,1509490,460010,1477380,1267390,609880,266020,1248790,2454430,1038140,135330,330500,203230,208710,378580,619010,286270,138450,231370,289480,163500,1267920,226680,508810,567030,563720,296790,562180,1583060
2017年2月,2910270,293100,418600,724050,190580,423950,836560,410750,626290,636370,334890,1750210,4447830,1352270,888440,241880,615730,254860,420560,1377170,467480,1525400,1233020,575770,269430,1227290,2481100,997690,138570,299780,197440,192880,383830,640360,299150,138870,235660,318180,186480,1287270,217500,563210,584290,558200,375200,602130,1511150
2017年3月,2665550,297210,482450,859740,223570,428210,866520,554360,907680,757520,414290,2234380,5144870,1775840,903770,266940,782690,309130,626410,1371770,538310,1914820,1490450,809080,386920,1629300,2925830,1265230,220020,456230,267950,277380,534430,824470,402310,209140,353170,438980,247480,1386350,263810,732480,711920,705710,394420,784320,1819420
2017年4月,2120350,378530,439430,773920,237720,354380,806800,440820,734430,607010,377730,1974840,5385090,1605590,645650,309490,713900,243510,599590,1127650,491770,1525870,1447140,647270,412430,1658790,2798910,1103650,271610,390330,212710,250960,476120,846000,362230,190130,310000,386860,212980,1329580,254110,607110,656260,594330,291890,653730,1695930
2017年5月,2795280,447380,510900,826470,323360,411450,848340,483820,891060,724840,385800,2006800,5081800,1680820,784650,372990,792640,286170,668580,1482930,540020,1627040,1398380,722210,448430,1740290,2702090,1141090,286190,423830,257350,304000,538870,862240,411180,215200,330720,423890,258370,1426130,258780,725650,725610,656120,355180,735300,1682420
2017年6月,3022820,391210,480300,807740,313790,434880,860770,412800,749540,620250,340180,1878340,4693200,1530960,726320,297280,649770,233070,523880,1096010,413360,1364280,1288840,559700,354660,1473590,2665060,959000,209160,323530,204160,239130,452920,756950,336600,177860,264260,325670,195260,1308410,214560,533900,579610,501470,265590,560250,1738960
2017年7月,3660520,425050,528470,909670,299230,511390,989350,508300,963090,763560,399470,2240950,5208780,1925440,912870,337510,711500,323860,902600,1813230,536350,1885550,1541470,715820,419840,1600140,2892220,1230780,235830,458630,267280,265900,500090,828180,355610,205480,326390,372070,236080,1511010,263390,640890,638370,567880,345470,660420,2051270
2017年8月,3976140,526830,680780,1107960,388580,607870,1209350,646780,1308030,1119070,487340,2702600,5382710,2428590,1332160,487100,948610,500360,1346190,2734290,761070,2729970,1799530,983800,593280,1851990,3134540,1574610,329590,663360,372400,343960,623590,1005960,506980,280170,442820,485350,331310,1696300,300380,866260,837540,742920,454180,820840,2343680
2017年9月,3278760,441320,549980,841730,338480,459410,924190,428610,858180,756740,366350,1968610,4761400,1730120,789980,362270,680320,298720,685650,1548240,503940,1653990,1428140,616850,369710,1541330,2687040,1073200,215400,377680,234160,271050,472050,829000,357650,179500,306780,397870,220840,1429610,239290,563830,633240,558300,317140,624660,1990650
2017年10月,3081160,470630,576700,848430,363700,463160,971190,441670,891240,753050,379790,2031490,5158910,1791060,869640,394140,804840,288000,634620,1499630,533150,1617910,1444770,679750,372950,1664910,2919700,1124020,220830,376200,260330,290970,503270,849940,395910,201750,337260,475630,232330,1439790,244980,664980,670310,607130,368660,669320,1944360
2017年11月,2334600,361910,497050,803250,255730,397130,895400,442110,885730,695260,385060,1977040,4969340,1784720,735680,336560,805040,324650,653660,1160190,505080,1752190,1447430,730530,412480,1740070,2826730,1163370,232370,417900,286090,306350,512700,852500,390980,201230,350620,441720,246080,1456980,247200,690110,696630,686360,382350,701320,1732420
2017年12月,2790820,317360,460450,766170,217250,378150,790110,455420,739060,676590,388760,2054030,5197670,1768040,743510,265580,632800,280040,535490,1268470,454830,1704290,1402830,668450,343490,1545240,2724830,1129810,159490,345010,228590,235600,448970,714620,335770,160390,269360,345090,183790,1461820,242580,621970,597750,608140,347260,612200,1593250
2018年1月,3017390,338500,467650,713960,207170,374670,821250,394690,600860,626210,375550,1787990,4599590,1589940,816340,229760,581440,249600,468450,1556880,514260,1619930,1254880,649650,258930,1293740,2718390,991780,142880,336850,208280,187860,366630,640380,284200,126580,258480,289040,180900,1267190,210760,521540,554350,584220,300250,611770,1772820
2018年2月,3084420,332990,454750,735370,208620,406510,815140,406670,592250,587910,360460,1745850,4750940,1595980,885850,239890,608920,238260,495630,1528840,541830,1541090,1285170,620250,266320,1344730,2861030,999260,147770,343150,233370,194520,370830,651740,294970,138820,285020,311550,197780,1325900,213110,524910,560300,596400,370170,672230,1932180
2018年3月,2740050,356310,461860,879740,228430,429140,890990,508870,809880,694950,436840,2290360,5648390,2022060,834620,267960,807470,322200,635760,1332680,543300,1995900,1472930,781150,369230,1739290,3331480,1213450,213430,487290,262060,267220,478800,844800,389150,207850,375910,393340,267720,1477490,250080,722040,702570,753630,376440,760320,2369460
2018年4月,2135820,396700,452920,832330,241950,368460,889840,476290,724780,592010,415400,2038620,5617020,1898860,631800,305100,750860,273320,677430,1102730,548500,1669300,1406600,690600,431300,1849940,3283580,1069810,239010,442990,272470,245050,459050,887390,352470,194310,328680,361830,243790,1407800,227860,652130,679780,635130,305830,696570,2105270
2018年5月,2731360,430620,494010,832060,324230,425950,920080,532050,843390,659460,399700,2125780,5405620,1895260,729030,349230,740580,298540,702140,1401220,566400,1703300,1413200,661280,420900,1938690,3214130,1080430,264090,462000,297400,275860,488450,899510,379120,209420,337440,372140,284260,1411720,245450,712240,706780,654830,351210,796270,2058330
2018年6月,3095940,435670,488330,840220,320750,453500,909990,482840,716130,605810,369330,2054290,5318470,1798920,652620,269410,701440,289420,628710,1206270,467100,1532600,1337900,589940,350270,1657930,3077580,977770,204720,338720,244610,222960,426370,774260,334730,154390,292220,325070,200940,1306080,199050,522810,587590,552520,257690,638950,2193470
2018年7月,3626480,451650,518990,878830,317720,489530,931090,490390,847770,716870,384700,2313840,5868390,1931700,863510,335060,715140,354910,911360,1790160,523930,1942910,1475950,780100,421070,1680710,3555730,1073870,208680,464690,284140,219640,457120,790440,330040,176850,322940,348260,228710,1428530,210640,628850,663490,605410,345760,746340,2489970
2018年8月,3952410,575770,695680,1085290,416640,619050,1224880,681870,1148630,1068050,489240,2784580,6018460,2547450,1294110,481940,1017110,545320,1347620,2856890,844920,2814050,1701410,1149420,664480,1928680,4099470,1566410,291370,719300,476210,328200,584130,988860,457660,265940,482680,425780,383110,1598200,264080,902700,867300,783220,454870,922020,2900190
2018年9月,2547810,453660,518080,924930,334240,505000,926560,446150,823380,696940,411020,2173300,5635660,1949930,785350,355650,767960,370370,763650,1606300,570620,1697270,1359350,711030,426370,1575490,3122800,1023350,200730,358960,315090,249990,503320,852300,368230,179450,334740,331590,255880,1387470,206870,609440,658880,621030,340320,739350,2444030
2018年10月,2886370,529340,574060,928900,380970,511490,1109820,478820,904630,701570,412980,2107810,5706720,1927210,840500,351850,865410,403040,703380,1578230,605600,1717250,1415220,755180,412190,1844280,3508420,1075750,234500,399220,317150,271320,506980,903060,401880,205890,337200,366630,261510,1351870,236890,688460,697680,666690,351560,781700,2365710
2018年11月,2505860,394630,500970,897770,284840,442510,1030700,488360,783760,686390,416030,2053380,5657260,1933650,714810,334730,872450,368060,695170,1151140,576640,1823010,1429660,778340,448110,1903740,3530400,1175010,242990,432300,354140,291640,525460,883590,401220,200220,365710,395970,276590,1401030,256430,712990,718870,663550,367770,790780,2124010
2018年12月,2984680,363060,471490,856000,239570,405550,926020,505150,674100,669320,441640,2110260,5882550,1930980,722350,259800,702040,343910,583450,1213450,548540,1805380,1457580,733720,362300,1693510,3594980,1145110,182000,346440,297730,222150,447730,782940,358290,164260,327310,328550,233360,1368280,231780,656960,655580,657660,336930,708020,2035470
2019年1月,3195090,298500,494980,739430,217210,392460,946600,442490,603200,639770,388170,2061230,5720130,1754120,901300,209350,609700,272100,550480,1613410,556170,1675450,1375060,589710,290440,1987960,3390460,1057540,143250,335700,182380,232620,365640,744220,260760,158890,273730,297380,165440,1504090,209920,485020,532310,605380,292190,630900,2292420
2019年2月,3211400,306000,476730,741020,230190,447990,964830,447750,584920,663900,393980,2054430,5722490,1758330,920040,233520,643100,294390,562700,1484580,583490,1674850,1457930,570820,304360,2030200,3560450,1099210,143220,330270,180480,233980,366680,771050,268260,157730,293710,295660,192980,1548200,205460,566630,520790,581360,394260,653790,2411270
2019年3月,2878620,302740,518030,888780,241960,429220,1133170,583020,771370,740230,483930,2644550,6690740,2233350,894050,260100,819850,335030,761000,1306860,612520,2156580,1663150,795230,426020,2684290,4077640,1339240,225210,470220,234090,314960,475230,1018390,340690,219230,397340,391220,266290,1782560,261650,689220,659710,704900,399510,794860,2831050
2019年4月,2415820,371740,490380,899770,290670,445110,1073930,545960,745920,682350,481180,2526380,7053330,2038780,805790,348800,775240,321490,852180,1341910,640600,1953780,1705640,749500,472950,3070530,4129800,1224250,270870,467760,235100,295170,528460,1087320,346400,227470,379360,380620,272600,1725370,257160,621280,661840,684590,335170,704000,2784430
2019年5月,3016680,415340,548490,902720,361000,473450,1024410,539610,860660,727300,475790,2439930,6555570,1994560,862420,389300,835020,332840,799180,1548000,641930,1912860,1671550,765290,476860,2901030,3985060,1218170,295820,472770,287900,341020,540530,1087330,372090,252050,418610,381230,287010,1725360,267360,716900,698150,715300,380570,766330,2721360
2019年6月,3086700,389530,498050,930330,335820,488070,986500,438920,732550,618540,436950,2280250,6137790,1782290,757190,278740,664260,282830,625210,1210350,514620,1678390,1554440,657770,368370,2449910,3841860,1041370,218230,354040,219210,275480,410260,875490,278770,184890,323550,310630,206790,1647080,215400,532150,533790,603250,272130,586270,2695380
2019年7月,3634090,415040,546750,925320,321510,471710,1059000,503810,828470,736270,451420,2550460,6779110,1989920,941900,327220,739930,371370,883560,1670430,585210,2057960,1684860,748530,433930,2464370,4181610,1216770,233290,489980,248510,286320,445830,942230,287410,209720,393090,364170,238330,1730190,234120,578790,619800,600990,383320,704820,3269120
2019年8月,3916250,523100,697840,1139710,414440,611210,1332150,699950,1184080,1104190,524750,3022100,7066900,2486010,1441510,456830,1009200,574600,1321380,2680320,793840,2961990,1890510,1025970,633320,2714820,4570020,1621420,298450,686040,325410,379520,597310,1148430,391350,289220,540650,466490,347870,1876270,272130,752050,830840,792010,455870,842010,3523720
2019年9月,3247260,429800,496120,902760,354830,473740,1025740,531120,867390,707300,440340,2379900,6596800,1997450,883260,356880,782580,364880,778640,1523160,607420,1893550,1519660,622460,410090,2455280,3768840,1120280,218760,416690,229230,299070,448940,977150,289870,206710,405490,343930,223690,1602270,215940,527720,595300,573450,318170,623520,2707780
2019年10月,3046530,479260,555070,959300,358250,484000,1084710,526020,822620,654630,433940,2335030,6932910,1900840,895440,351120,794340,308520,651530,1308950,600670,1699820,1532250,674640,393210,2777070,3975350,1112570,230770,417770,241690,349190,524450,1114930,319550,241110,466600,394710,243410,1860600,221860,607900,676470,707730,367260,704810,2713450
2019年11月,2458660,370380,494120,988170,295780,447000,1062660,518500,862380,704630,463550,2387550,6697010,1958790,835760,331730,834610,361760,712380,1188470,608540,1934150,1664580,744950,448960,2826280,3997170,1213670,256320,497460,277740,362060,518080,1010940,331130,236140,427490,423560,262330,1777830,237760,626230,707160,720460,388170,724790,2461550
2019年12月,2876320,304350,460110,916790,232300,407900,963700,522700,696310,669350,462550,2547300,7028940,1989460,791750,264300,692830,324300,574120,1176120,559290,1830070,1618120,655020,357640,2387820,3949260,1152690,192130,385630,226180,272250,439280,853250,275670,185380,339630,335910,196370,1640550,202960,544960,597310,613270,333460,630250,2454120
2020年1月,3378400,333500,481700,742170,277700,398480,1018740,434300,632040,662520,396490,2223690,7048680,1881630,957170,247940,645770,251680,597620,1693900,617850,1719880,1705980,565440,281450,2248670,4443350,1062120,149290,354950,205880,229290,410570,736300,301520,154620,283630,328380,192870,1725970,221650,506850,582140,601220,359010,583250,2085670
2020年2月,2767720,316860,446660,737960,270860,413890,1012260,465770,599540,655580,365410,1811020,5547120,1597560,901100,247350,602270,267760,505340,1571240,524090,1559500,1420290,505530,255520,1788120,3131050,964940,116010,305270,208940,228540,398160,726400,314350,149130,273260,325690,215500,1545480,197990,503850,530960,552190,383100,598830,1990520
2020年3月,1107160,252680,317850,539300,195520,289000,811880,370660,503780,472380,306310,797150,2890790,1296260,514490,180040,443810,204490,315950,826180,377440,1219750,736890,398030,216450,1194980,1493920,734110,96630,240180,177450,229740,331910,546730,242010,113810,222040,267190,156880,913840,159610,331870,384340,434720,227640,457510,1310380
2020年4月,664940,119170,163620,242140,77830,96650,476980,210510,180160,143630,171850,441380,1365240,585550,227070,71000,123800,91980,104540,241530,131030,461070,402480,144930,92890,294180,672150,266240,42470,90090,79300,91430,156650,265140,108880,45270,75980,100100,60340,291780,66440,130690,148750,133390,112810,183190,360660
2020年5月,529310,110930,138800,206100,51500,69240,412260,218180,147830,102080,158840,406080,1228800,535340,178540,53270,87710,100440,86280,163750,125850,385770,373210,119740,83210,229640,484290,251210,37250,68290,49990,68380,132180,209370,100660,32980,56040,82240,43430,234980,38290,109410,118120,127620,86440,121120,171200
2020年6月,943550,192700,242170,352290,112600,178900,569960,305770,290960,264430,220260,563080,1902800,807050,369310,115290,205670,135310,147220,423340,229370,670620,598430,227700,128480,517280,854850,435280,70990,142950,99720,129260,217810,343930,161410,71530,110800,145340,92230,427280,78510,231670,227360,250980,162410,256710,554090
2020年7月,1737680,279080,355780,492040,220200,271110,745850,321830,472030,510850,234950,870870,2097350,1020630,526950,170850,392370,223130,278950,751720,310360,1049910,802740,374180,194530,766590,1059480,654850,106820,272550,175060,192270,307340,535430,227800,120280,213610,232500,164040,693350,122690,393640,367760,325990,228680,334900,1186080
2020年8月,2327030,320320,369880,594030,227630,328520,845470,375250,713400,559790,298350,1292000,2283210,1418410,667760,213310,445230,266850,492450,1232790,407540,1560170,851820,513030,305430,972450,1048040,925800,190980,434800,213760,221480,321250,605210,273370,154310,243700,268030,239470,688850,138390,338080,408670,390160,237260,408140,971850
2020年9月,2372470,339500,446990,577650,255090,334410,859270,349020,644440,485410,291570,1185300,2454690,1344690,619290,225580,467380,211140,438720,1078150,405410,1223100,939150,460250,261110,1124520,1324680,823570,161130,325990,186620,220350,336240,696140,351050,127490,233140,269050,193440,808960,169190,394220,414280,435830,237290,428950,1015980
2020年10月,2567290,410560,520290,730180,335910,421590,990420,414190,811640,607470,340210,1388970,3451200,1567050,749670,251220,541510,258080,483580,1268470,494410,1454390,1087590,577390,289770,1361370,1809460,924800,170220,378070,236260,291760,402990,733520,388730,146480,277030,336290,210760,1033800,206760,520280,486340,537140,339840,575330,1388860
2020年11月,1800370,357290,467560,746140,292640,416980,993380,462580,856820,655290,360920,1603190,3888860,1603270,695000,261760,717430,315090,541710,1125930,501650,1636660,1142450,653010,329380,2025370,2022580,1036390,201880,446030,272230,321420,424140,786820,352280,171330,313820,367090,233920,1202640,229580,619170,583520,610880,384780,643770,1479530
2020年12月,1247290,282870,360700,610850,228030,294450,799600,414510,624500,515150,343700,1548610,3604480,1472200,562770,190410,530840,237770,369860,865400,374930,1428300,1006970,529840,245700,1375160,1373160,896980,136150,334330,215040,227120,335620,560990,290880,161560,225760,276250,160490,1025750,194200,504730,479260,460350,313620,534810,1275310
2021年1月,978230,220840,288190,354450,159350,206920,582390,266710,297920,260860,221830,798150,2020550,897770,372140,112100,209740,114400,201490,607390,217780,752190,668890,285040,142220,531780,1019080,491090,74410,178560,126520,125920,249800,307570,213500,76940,112710,139080,92360,588790,87290,247680,247020,208880,148510,265360,627330
2021年2月,1083490,226130,300750,396110,174370,235620,587510,265200,291900,270090,212370,702380,2166110,880890,406660,112000,229670,125660,181480,662020,221630,751980,625130,260970,157380,590550,921810,501770,82730,177780,135830,142560,259870,367040,205330,93770,119690,144760,111280,516140,90460,250550,257780,220340,210940,284550,611810
2021年3月,1445680,268700,380520,537110,176850,309440,786450,384020,553760,435060,280580,1030950,2863640,1161060,556560,204850,411760,208810,357610,950970,348990,1230320,991090,476610,227410,1160510,1586870,802890,147910,321700,230770,250460,375690,510790,281690,149630,227940,242630,171400,868040,140030,447010,420140,384630,292920,460100,1091450
2021年4月,1221760,243820,295120,383330,171740,191690,606770,337570,471090,389280,277100,1032990,2851110,1068120,415170,177370,321370,145970,288790,592400,271170,1035970,854090,352590,186330,722020,1135270,561680,106940,218300,167640,211250,263820,434250,243890,125390,152360,167910,137860,756980,107930,364150,405320,321530,240490,349250,947490
2021年5月,1168190,242360,351070,416960,208440,241630,579190,341480,521420,350190,260720,984570,2485260,1075320,458730,156810,264120,141120,361650,702050,266660,1095250,774890,346260,193780,522470,816850,444880,100250,212090,167890,213170,218710,375720,246210,100500,133840,143970,139910,561570,97390,257640,334310,258310,178620,353650,859680
2021年6月,1086360,253410,344270,459250,198060,247590,568360,308430,456960,283630,242060,926990,2785890,1014460,454290,142480,218600,144470,280300,605770,195340,919150,759620,326290,168710,613150,1062550,506580,81720,202060,154960,185360,240340,298030,215460,101200,121620,171020,97960,561410,88590,243970,274870,215570,199570,289400,587230
2021年7月,2016500,334600,428690,615920,257040,320210,732480,390700,658920,465010,334270,1358800,3825180,1293110,659820,239240,438850,241450,481320,1127580,366010,1372520,1040370,493180,282150,1037200,1553660,860790,141890,387180,216910,236380,349510,496850,294560,153480,217280,247250,171730,884530,149380,442030,436460,378080,326250,471120,972310
2021年8月,2176770,358910,377510,614730,251720,379450,724300,358470,701520,555010,338000,1460110,3535150,1428000,767990,263900,402470,281160,584120,1325890,399810,1652560,1039110,598410,322550,1013070,1534560,970590,179960,478840,200570,230730,296570,485080,305750,158690,237630,237580,209450,760870,154850,378090,384400,389810,250480,456330,1080320
2021年9月,1560640,283430,285750,454450,226890,293540,633590,298360,468080,348920,259480,1078300,2906810,1136980,494150,175060,265570,168260,371010,873970,240940,941220,771890,311920,174760,756800,1328260,604680,124300,289670,161010,189110,229260,351260,216920,123670,150540,164140,136430,638470,110130,274910,300830,285440,182610,321570,800400
2021年10月,2132300,390730,450370,679830,305340,355980,902300,400370,793930,512790,313300,1296630,3538150,1421780,707400,252540,454360,233250,491270,1241670,368180,1243690,1156190,489560,269360,1246980,1915560,850050,151290,351790,223290,262540,342660,636860,344450,162420,227770,246130,187370,989620,153200,510740,507740,432680,323320,481660,1122890
2021年11月,2021940,399080,479750,753920,261340,346860,881500,460850,920300,615870,348430,1593780,4171900,1610550,706080,293050,614090,267320,548210,1081570,451140,1561240,1241310,630680,315170,1953140,2221740,1080760,195450,410510,264040,307370,456940,768390,369100,164000,276070,318930,226480,1167780,196120,620740,567530,524430,393890,594490,1286680
2021年12月,2168160,376760,451540,768470,234590,322460,886760,481780,814120,614470,386580,1821220,5089560,1825370,718180,265070,621440,258310,457870,1070540,412940,1707000,1419890,606890,286860,1771970,2762530,1113390,165000,402860,236490,268840,422090,807200,364770,189910,292480,314340,227430,1326330,195020,632030,600560,540090,402690,598280,1484910
2022年1月,1895060,258370,379430,624890,182470,270780,701320,405410,602820,518890,324820,1359830,3542520,1520800,611130,176930,377580,166640,351660,1036680,333750,1299380,1079590,428120,191880,1112730,1772890,922460,127040,268520,104530,188670,265640,518590,213040,115670,194160,202840,185100,895440,142830,354470,378250,415210,216250,428760,771950
2022年2月,1572640,185390,289400,472490,167750,236880,540560,302630,441930,364210,272840,1148710,3319660,1350450,492240,162670,239280,137960,273530,812280,255740,988840,889830,333170,183360,872450,1414150,680280,103260,183060,86380,139660,220270,410230,219410,91300,145940,176150,159270,702900,96590,265140,298620,306450,201370,341250,728400
2022年3月,1946000,222780,369950,579150,168080,300410,659940,426350,698320,523850,360180,1724170,4180620,1656980,658950,210470,442350,200790,447370,980570,385060,1497640,1339430,624510,271060,1596420,2091470,1022490,156520,302360,121850,220590,344670,640730,355370,128020,272630,313820,193080,1078690,148630,476620,438250,570850,244270,532370,1331060
2022年4月,1822080,308860,373460,697590,202910,284910,770150,430690,714950,525710,381880,1621050,4496690,1755610,612000,271520,468280,194330,515140,872090,404020,1377150,1204520,542700,261250,1507400,2091800,932750,175820,288580,140800,237450,395110,705280,338880,139780,219660,281340,205570,1078460,183130,529840,478890,474780,249160,474550,1394710
2022年5月,2293340,344210,471410,724140,263900,324490,761990,441730,857790,597990,352930,1725050,4256200,1784610,681840,269550,573210,220420,624480,1218910,497060,1465010,1357440,603310,283470,1833890,2409370,1072730,188140,342320,150690,270520,409390,739290,395760,169920,264850,330420,240060,1094740,192050,553080,505530,499590,259410,537810,1286260
2022年6月,2587650,365820,461140,689070,263890,328270,756520,463750,727610,527070,384190,1670700,4450960,1687560,632210,235140,464010,206490,533300,1031430,407530,1202480,1233020,461600,253270,1680020,2203720,912650,161620,276760,156870,224450,363070,606200,322770,125780,223110,307330,189560,1036450,158730,449830,485100,456430,244810,425210,1437350
2022年7月,3145570,399250,484750,696410,265660,365840,785070,432890,811920,564610,393040,1790630,4873390,1863220,773950,284750,530400,281880,700270,1362260,451510,1692780,1408810,552560,304850,1795490,2457800,1043210,188490,388970,149690,219960,383920,746280,324210,216230,298410,337110,248880,1202370,171500,548590,534120,511280,288140,537740,2015510
